slot_id,domain,ability,split,modality,status
molecular_biology-essay-public-text-01,molecular_biology,essay,public,text,unfilled_target
molecular_biology-essay-public-text-02,molecular_biology,essay,public,text,unfilled_target
molecular_biology-essay-public-text-03,molecular_biology,essay,public,text,unfilled_target
molecular_biology-essay-public-image-01,molecular_biology,essay,public,image,unfilled_target
molecular_biology-essay-heldout-text-01,molecular_biology,essay,heldout,text,unfilled_target
molecular_biology-essay-heldout-text-02,molecular_biology,essay,heldout,text,unfilled_target
molecular_biology-essay-heldout-text-03,molecular_biology,essay,heldout,text,unfilled_target
molecular_biology-essay-heldout-text-04,molecular_biology,essay,heldout,text,unfilled_target
molecular_biology-essay-heldout-text-05,molecular_biology,essay,heldout,text,unfilled_target
molecular_biology-essay-heldout-text-06,molecular_biology,essay,heldout,text,unfilled_target
molecular_biology-essay-heldout-text-07,molecular_biology,essay,heldout,text,unfilled_target
molecular_biology-essay-heldout-text-08,molecular_biology,essay,heldout,text,unfilled_target
molecular_biology-essay-heldout-text-09,molecular_biology,essay,heldout,text,unfilled_target
molecular_biology-essay-heldout-text-10,molecular_biology,essay,heldout,text,unfilled_target
molecular_biology-essay-heldout-text-11,molecular_biology,essay,heldout,text,unfilled_target
molecular_biology-essay-heldout-text-12,molecular_biology,essay,heldout,text,unfilled_target
molecular_biology-essay-heldout-text-13,molecular_biology,essay,heldout,text,unfilled_target
molecular_biology-essay-heldout-image-01,molecular_biology,essay,heldout,image,unfilled_target
molecular_biology-essay-heldout-image-02,molecular_biology,essay,heldout,image,unfilled_target
molecular_biology-essay-heldout-image-03,molecular_biology,essay,heldout,image,unfilled_target
molecular_biology-experimental_design-public-text-01,molecular_biology,experimental_design,public,text,unfilled_target
molecular_biology-experimental_design-public-text-02,molecular_biology,experimental_design,public,text,unfilled_target
molecular_biology-experimental_design-public-text-03,molecular_biology,experimental_design,public,text,unfilled_target
molecular_biology-experimental_design-public-image-01,molecular_biology,experimental_design,public,image,unfilled_target
molecular_biology-experimental_design-heldout-text-01,molecular_biology,experimental_design,heldout,text,unfilled_target
molecular_biology-experimental_design-heldout-text-02,molecular_biology,experimental_design,heldout,text,unfilled_target
molecular_biology-experimental_design-heldout-text-03,molecular_biology,experimental_design,heldout,text,unfilled_target
molecular_biology-experimental_design-heldout-text-04,molecular_biology,experimental_design,heldout,text,unfilled_target
molecular_biology-experimental_design-heldout-text-05,molecular_biology,experimental_design,heldout,text,unfilled_target
molecular_biology-experimental_design-heldout-text-06,molecular_biology,experimental_design,heldout,text,unfilled_target
molecular_biology-experimental_design-heldout-text-07,molecular_biology,experimental_design,heldout,text,unfilled_target
molecular_biology-experimental_design-heldout-text-08,molecular_biology,experimental_design,heldout,text,unfilled_target
molecular_biology-experimental_design-heldout-text-09,molecular_biology,experimental_design,heldout,text,unfilled_target
molecular_biology-experimental_design-heldout-text-10,molecular_biology,experimental_design,heldout,text,unfilled_target
molecular_biology-experimental_design-heldout-text-11,molecular_biology,experimental_design,heldout,text,unfilled_target
molecular_biology-experimental_design-heldout-text-12,molecular_biology,experimental_design,heldout,text,unfilled_target
molecular_biology-experimental_design-heldout-text-13,molecular_biology,experimental_design,heldout,text,unfilled_target
molecular_biology-experimental_design-heldout-image-01,molecular_biology,experimental_design,heldout,image,unfilled_target
molecular_biology-experimental_design-heldout-image-02,molecular_biology,experimental_design,heldout,image,unfilled_target
molecular_biology-experimental_design-heldout-image-03,molecular_biology,experimental_design,heldout,image,unfilled_target
molecular_biology-research_reasoning-public-text-01,molecular_biology,research_reasoning,public,text,unfilled_target
molecular_biology-research_reasoning-public-text-02,molecular_biology,research_reasoning,public,text,unfilled_target
molecular_biology-research_reasoning-public-text-03,molecular_biology,research_reasoning,public,text,unfilled_target
molecular_biology-research_reasoning-public-image-01,molecular_biology,research_reasoning,public,image,unfilled_target
molecular_biology-research_reasoning-heldout-text-01,molecular_biology,research_reasoning,heldout,text,unfilled_target
molecular_biology-research_reasoning-heldout-text-02,molecular_biology,research_reasoning,heldout,text,unfilled_target
molecular_biology-research_reasoning-heldout-text-03,molecular_biology,research_reasoning,heldout,text,unfilled_target
molecular_biology-research_reasoning-heldout-text-04,molecular_biology,research_reasoning,heldout,text,unfilled_target
molecular_biology-research_reasoning-heldout-text-05,molecular_biology,research_reasoning,heldout,text,unfilled_target
molecular_biology-research_reasoning-heldout-text-06,molecular_biology,research_reasoning,heldout,text,unfilled_target
molecular_biology-research_reasoning-heldout-text-07,molecular_biology,research_reasoning,heldout,text,unfilled_target
molecular_biology-research_reasoning-heldout-text-08,molecular_biology,research_reasoning,heldout,text,unfilled_target
molecular_biology-research_reasoning-heldout-text-09,molecular_biology,research_reasoning,heldout,text,unfilled_target
molecular_biology-research_reasoning-heldout-text-10,molecular_biology,research_reasoning,heldout,text,unfilled_target
molecular_biology-research_reasoning-heldout-text-11,molecular_biology,research_reasoning,heldout,text,unfilled_target
molecular_biology-research_reasoning-heldout-text-12,molecular_biology,research_reasoning,heldout,text,unfilled_target
molecular_biology-research_reasoning-heldout-text-13,molecular_biology,research_reasoning,heldout,text,unfilled_target
molecular_biology-research_reasoning-heldout-image-01,molecular_biology,research_reasoning,heldout,image,unfilled_target
molecular_biology-research_reasoning-heldout-image-02,molecular_biology,research_reasoning,heldout,image,unfilled_target
molecular_biology-research_reasoning-heldout-image-03,molecular_biology,research_reasoning,heldout,image,unfilled_target
biochemistry-essay-public-text-01,biochemistry,essay,public,text,unfilled_target
biochemistry-essay-public-text-02,biochemistry,essay,public,text,unfilled_target
biochemistry-essay-public-text-03,biochemistry,essay,public,text,unfilled_target
biochemistry-essay-public-image-01,biochemistry,essay,public,image,unfilled_target
biochemistry-essay-heldout-text-01,biochemistry,essay,heldout,text,unfilled_target
biochemistry-essay-heldout-text-02,biochemistry,essay,heldout,text,unfilled_target
biochemistry-essay-heldout-text-03,biochemistry,essay,heldout,text,unfilled_target
biochemistry-essay-heldout-text-04,biochemistry,essay,heldout,text,unfilled_target
biochemistry-essay-heldout-text-05,biochemistry,essay,heldout,text,unfilled_target
biochemistry-essay-heldout-text-06,biochemistry,essay,heldout,text,unfilled_target
biochemistry-essay-heldout-text-07,biochemistry,essay,heldout,text,unfilled_target
biochemistry-essay-heldout-text-08,biochemistry,essay,heldout,text,unfilled_target
biochemistry-essay-heldout-text-09,biochemistry,essay,heldout,text,unfilled_target
biochemistry-essay-heldout-text-10,biochemistry,essay,heldout,text,unfilled_target
biochemistry-essay-heldout-text-11,biochemistry,essay,heldout,text,unfilled_target
biochemistry-essay-heldout-text-12,biochemistry,essay,heldout,text,unfilled_target
biochemistry-essay-heldout-text-13,biochemistry,essay,heldout,text,unfilled_target
biochemistry-essay-heldout-image-01,biochemistry,essay,heldout,image,unfilled_target
biochemistry-essay-heldout-image-02,biochemistry,essay,heldout,image,unfilled_target
biochemistry-essay-heldout-image-03,biochemistry,essay,heldout,image,unfilled_target
biochemistry-experimental_design-public-text-01,biochemistry,experimental_design,public,text,unfilled_target
biochemistry-experimental_design-public-text-02,biochemistry,experimental_design,public,text,unfilled_target
biochemistry-experimental_design-public-text-03,biochemistry,experimental_design,public,text,unfilled_target
biochemistry-experimental_design-public-image-01,biochemistry,experimental_design,public,image,unfilled_target
biochemistry-experimental_design-heldout-text-01,biochemistry,experimental_design,heldout,text,unfilled_target
biochemistry-experimental_design-heldout-text-02,biochemistry,experimental_design,heldout,text,unfilled_target
biochemistry-experimental_design-heldout-text-03,biochemistry,experimental_design,heldout,text,unfilled_target
biochemistry-experimental_design-heldout-text-04,biochemistry,experimental_design,heldout,text,unfilled_target
biochemistry-experimental_design-heldout-text-05,biochemistry,experimental_design,heldout,text,unfilled_target
biochemistry-experimental_design-heldout-text-06,biochemistry,experimental_design,heldout,text,unfilled_target
biochemistry-experimental_design-heldout-text-07,biochemistry,experimental_design,heldout,text,unfilled_target
biochemistry-experimental_design-heldout-text-08,biochemistry,experimental_design,heldout,text,unfilled_target
biochemistry-experimental_design-heldout-text-09,biochemistry,experimental_design,heldout,text,unfilled_target
biochemistry-experimental_design-heldout-text-10,biochemistry,experimental_design,heldout,text,unfilled_target
biochemistry-experimental_design-heldout-text-11,biochemistry,experimental_design,heldout,text,unfilled_target
biochemistry-experimental_design-heldout-text-12,biochemistry,experimental_design,heldout,text,unfilled_target
biochemistry-experimental_design-heldout-text-13,biochemistry,experimental_design,heldout,text,unfilled_target
biochemistry-experimental_design-heldout-image-01,biochemistry,experimental_design,heldout,image,unfilled_target
biochemistry-experimental_design-heldout-image-02,biochemistry,experimental_design,heldout,image,unfilled_target
biochemistry-experimental_design-heldout-image-03,biochemistry,experimental_design,heldout,image,unfilled_target
biochemistry-research_reasoning-public-text-01,biochemistry,research_reasoning,public,text,unfilled_target
biochemistry-research_reasoning-public-text-02,biochemistry,research_reasoning,public,text,unfilled_target
biochemistry-research_reasoning-public-text-03,biochemistry,research_reasoning,public,text,unfilled_target
biochemistry-research_reasoning-public-image-01,biochemistry,research_reasoning,public,image,unfilled_target
biochemistry-research_reasoning-heldout-text-01,biochemistry,research_reasoning,heldout,text,unfilled_target
biochemistry-research_reasoning-heldout-text-02,biochemistry,research_reasoning,heldout,text,unfilled_target
biochemistry-research_reasoning-heldout-text-03,biochemistry,research_reasoning,heldout,text,unfilled_target
biochemistry-research_reasoning-heldout-text-04,biochemistry,research_reasoning,heldout,text,unfilled_target
biochemistry-research_reasoning-heldout-text-05,biochemistry,research_reasoning,heldout,text,unfilled_target
biochemistry-research_reasoning-heldout-text-06,biochemistry,research_reasoning,heldout,text,unfilled_target
biochemistry-research_reasoning-heldout-text-07,biochemistry,research_reasoning,heldout,text,unfilled_target
biochemistry-research_reasoning-heldout-text-08,biochemistry,research_reasoning,heldout,text,unfilled_target
biochemistry-research_reasoning-heldout-text-09,biochemistry,research_reasoning,heldout,text,unfilled_target
biochemistry-research_reasoning-heldout-text-10,biochemistry,research_reasoning,heldout,text,unfilled_target
biochemistry-research_reasoning-heldout-text-11,biochemistry,research_reasoning,heldout,text,unfilled_target
biochemistry-research_reasoning-heldout-text-12,biochemistry,research_reasoning,heldout,text,unfilled_target
biochemistry-research_reasoning-heldout-text-13,biochemistry,research_reasoning,heldout,text,unfilled_target
biochemistry-research_reasoning-heldout-image-01,biochemistry,research_reasoning,heldout,image,unfilled_target
biochemistry-research_reasoning-heldout-image-02,biochemistry,research_reasoning,heldout,image,unfilled_target
biochemistry-research_reasoning-heldout-image-03,biochemistry,research_reasoning,heldout,image,unfilled_target
neuroscience-essay-public-text-01,neuroscience,essay,public,text,unfilled_target
neuroscience-essay-public-text-02,neuroscience,essay,public,text,unfilled_target
neuroscience-essay-public-text-03,neuroscience,essay,public,text,unfilled_target
neuroscience-essay-public-image-01,neuroscience,essay,public,image,unfilled_target
neuroscience-essay-heldout-text-01,neuroscience,essay,heldout,text,unfilled_target
neuroscience-essay-heldout-text-02,neuroscience,essay,heldout,text,unfilled_target
neuroscience-essay-heldout-text-03,neuroscience,essay,heldout,text,unfilled_target
neuroscience-essay-heldout-text-04,neuroscience,essay,heldout,text,unfilled_target
neuroscience-essay-heldout-text-05,neuroscience,essay,heldout,text,unfilled_target
neuroscience-essay-heldout-text-06,neuroscience,essay,heldout,text,unfilled_target
neuroscience-essay-heldout-text-07,neuroscience,essay,heldout,text,unfilled_target
neuroscience-essay-heldout-text-08,neuroscience,essay,heldout,text,unfilled_target
neuroscience-essay-heldout-text-09,neuroscience,essay,heldout,text,unfilled_target
neuroscience-essay-heldout-text-10,neuroscience,essay,heldout,text,unfilled_target
neuroscience-essay-heldout-text-11,neuroscience,essay,heldout,text,unfilled_target
neuroscience-essay-heldout-text-12,neuroscience,essay,heldout,text,unfilled_target
neuroscience-essay-heldout-text-13,neuroscience,essay,heldout,text,unfilled_target
neuroscience-essay-heldout-image-01,neuroscience,essay,heldout,image,unfilled_target
neuroscience-essay-heldout-image-02,neuroscience,essay,heldout,image,unfilled_target
neuroscience-essay-heldout-image-03,neuroscience,essay,heldout,image,unfilled_target
neuroscience-experimental_design-public-text-01,neuroscience,experimental_design,public,text,unfilled_target
neuroscience-experimental_design-public-text-02,neuroscience,experimental_design,public,text,unfilled_target
neuroscience-experimental_design-public-text-03,neuroscience,experimental_design,public,text,unfilled_target
neuroscience-experimental_design-public-image-01,neuroscience,experimental_design,public,image,unfilled_target
neuroscience-experimental_design-heldout-text-01,neuroscience,experimental_design,heldout,text,unfilled_target
neuroscience-experimental_design-heldout-text-02,neuroscience,experimental_design,heldout,text,unfilled_target
neuroscience-experimental_design-heldout-text-03,neuroscience,experimental_design,heldout,text,unfilled_target
neuroscience-experimental_design-heldout-text-04,neuroscience,experimental_design,heldout,text,unfilled_target
neuroscience-experimental_design-heldout-text-05,neuroscience,experimental_design,heldout,text,unfilled_target
neuroscience-experimental_design-heldout-text-06,neuroscience,experimental_design,heldout,text,unfilled_target
neuroscience-experimental_design-heldout-text-07,neuroscience,experimental_design,heldout,text,unfilled_target
neuroscience-experimental_design-heldout-text-08,neuroscience,experimental_design,heldout,text,unfilled_target
neuroscience-experimental_design-heldout-text-09,neuroscience,experimental_design,heldout,text,unfilled_target
neuroscience-experimental_design-heldout-text-10,neuroscience,experimental_design,heldout,text,unfilled_target
neuroscience-experimental_design-heldout-text-11,neuroscience,experimental_design,heldout,text,unfilled_target
neuroscience-experimental_design-heldout-text-12,neuroscience,experimental_design,heldout,text,unfilled_target
neuroscience-experimental_design-heldout-text-13,neuroscience,experimental_design,heldout,text,unfilled_target
neuroscience-experimental_design-heldout-image-01,neuroscience,experimental_design,heldout,image,unfilled_target
neuroscience-experimental_design-heldout-image-02,neuroscience,experimental_design,heldout,image,unfilled_target
neuroscience-experimental_design-heldout-image-03,neuroscience,experimental_design,heldout,image,unfilled_target
neuroscience-research_reasoning-public-text-01,neuroscience,research_reasoning,public,text,unfilled_target
neuroscience-research_reasoning-public-text-02,neuroscience,research_reasoning,public,text,unfilled_target
neuroscience-research_reasoning-public-text-03,neuroscience,research_reasoning,public,text,unfilled_target
neuroscience-research_reasoning-public-image-01,neuroscience,research_reasoning,public,image,unfilled_target
neuroscience-research_reasoning-heldout-text-01,neuroscience,research_reasoning,heldout,text,unfilled_target
neuroscience-research_reasoning-heldout-text-02,neuroscience,research_reasoning,heldout,text,unfilled_target
neuroscience-research_reasoning-heldout-text-03,neuroscience,research_reasoning,heldout,text,unfilled_target
neuroscience-research_reasoning-heldout-text-04,neuroscience,research_reasoning,heldout,text,unfilled_target
neuroscience-research_reasoning-heldout-text-05,neuroscience,research_reasoning,heldout,text,unfilled_target
neuroscience-research_reasoning-heldout-text-06,neuroscience,research_reasoning,heldout,text,unfilled_target
neuroscience-research_reasoning-heldout-text-07,neuroscience,research_reasoning,heldout,text,unfilled_target
neuroscience-research_reasoning-heldout-text-08,neuroscience,research_reasoning,heldout,text,unfilled_target
neuroscience-research_reasoning-heldout-text-09,neuroscience,research_reasoning,heldout,text,unfilled_target
neuroscience-research_reasoning-heldout-text-10,neuroscience,research_reasoning,heldout,text,unfilled_target
neuroscience-research_reasoning-heldout-text-11,neuroscience,research_reasoning,heldout,text,unfilled_target
neuroscience-research_reasoning-heldout-text-12,neuroscience,research_reasoning,heldout,text,unfilled_target
neuroscience-research_reasoning-heldout-text-13,neuroscience,research_reasoning,heldout,text,unfilled_target
neuroscience-research_reasoning-heldout-image-01,neuroscience,research_reasoning,heldout,image,unfilled_target
neuroscience-research_reasoning-heldout-image-02,neuroscience,research_reasoning,heldout,image,unfilled_target
neuroscience-research_reasoning-heldout-image-03,neuroscience,research_reasoning,heldout,image,unfilled_target
bioinformatics-essay-public-text-01,bioinformatics,essay,public,text,unfilled_target
bioinformatics-essay-public-text-02,bioinformatics,essay,public,text,unfilled_target
bioinformatics-essay-public-text-03,bioinformatics,essay,public,text,unfilled_target
bioinformatics-essay-public-image-01,bioinformatics,essay,public,image,unfilled_target
bioinformatics-essay-heldout-text-01,bioinformatics,essay,heldout,text,unfilled_target
bioinformatics-essay-heldout-text-02,bioinformatics,essay,heldout,text,unfilled_target
bioinformatics-essay-heldout-text-03,bioinformatics,essay,heldout,text,unfilled_target
bioinformatics-essay-heldout-text-04,bioinformatics,essay,heldout,text,unfilled_target
bioinformatics-essay-heldout-text-05,bioinformatics,essay,heldout,text,unfilled_target
bioinformatics-essay-heldout-text-06,bioinformatics,essay,heldout,text,unfilled_target
bioinformatics-essay-heldout-text-07,bioinformatics,essay,heldout,text,unfilled_target
bioinformatics-essay-heldout-text-08,bioinformatics,essay,heldout,text,unfilled_target
bioinformatics-essay-heldout-text-09,bioinformatics,essay,heldout,text,unfilled_target
bioinformatics-essay-heldout-text-10,bioinformatics,essay,heldout,text,unfilled_target
bioinformatics-essay-heldout-text-11,bioinformatics,essay,heldout,text,unfilled_target
bioinformatics-essay-heldout-text-12,bioinformatics,essay,heldout,text,unfilled_target
bioinformatics-essay-heldout-text-13,bioinformatics,essay,heldout,text,unfilled_target
bioinformatics-essay-heldout-image-01,bioinformatics,essay,heldout,image,unfilled_target
bioinformatics-essay-heldout-image-02,bioinformatics,essay,heldout,image,unfilled_target
bioinformatics-essay-heldout-image-03,bioinformatics,essay,heldout,image,unfilled_target
bioinformatics-experimental_design-public-text-01,bioinformatics,experimental_design,public,text,unfilled_target
bioinformatics-experimental_design-public-text-02,bioinformatics,experimental_design,public,text,unfilled_target
bioinformatics-experimental_design-public-text-03,bioinformatics,experimental_design,public,text,unfilled_target
bioinformatics-experimental_design-public-image-01,bioinformatics,experimental_design,public,image,unfilled_target
bioinformatics-experimental_design-heldout-text-01,bioinformatics,experimental_design,heldout,text,unfilled_target
bioinformatics-experimental_design-heldout-text-02,bioinformatics,experimental_design,heldout,text,unfilled_target
bioinformatics-experimental_design-heldout-text-03,bioinformatics,experimental_design,heldout,text,unfilled_target
bioinformatics-experimental_design-heldout-text-04,bioinformatics,experimental_design,heldout,text,unfilled_target
bioinformatics-experimental_design-heldout-text-05,bioinformatics,experimental_design,heldout,text,unfilled_target
bioinformatics-experimental_design-heldout-text-06,bioinformatics,experimental_design,heldout,text,unfilled_target
bioinformatics-experimental_design-heldout-text-07,bioinformatics,experimental_design,heldout,text,unfilled_target
bioinformatics-experimental_design-heldout-text-08,bioinformatics,experimental_design,heldout,text,unfilled_target
bioinformatics-experimental_design-heldout-text-09,bioinformatics,experimental_design,heldout,text,unfilled_target
bioinformatics-experimental_design-heldout-text-10,bioinformatics,experimental_design,heldout,text,unfilled_target
bioinformatics-experimental_design-heldout-text-11,bioinformatics,experimental_design,heldout,text,unfilled_target
bioinformatics-experimental_design-heldout-text-12,bioinformatics,experimental_design,heldout,text,unfilled_target
bioinformatics-experimental_design-heldout-text-13,bioinformatics,experimental_design,heldout,text,unfilled_target
bioinformatics-experimental_design-heldout-image-01,bioinformatics,experimental_design,heldout,image,unfilled_target
bioinformatics-experimental_design-heldout-image-02,bioinformatics,experimental_design,heldout,image,unfilled_target
bioinformatics-experimental_design-heldout-image-03,bioinformatics,experimental_design,heldout,image,unfilled_target
bioinformatics-research_reasoning-public-text-01,bioinformatics,research_reasoning,public,text,unfilled_target
bioinformatics-research_reasoning-public-text-02,bioinformatics,research_reasoning,public,text,unfilled_target
bioinformatics-research_reasoning-public-text-03,bioinformatics,research_reasoning,public,text,unfilled_target
bioinformatics-research_reasoning-public-image-01,bioinformatics,research_reasoning,public,image,unfilled_target
bioinformatics-research_reasoning-heldout-text-01,bioinformatics,research_reasoning,heldout,text,unfilled_target
bioinformatics-research_reasoning-heldout-text-02,bioinformatics,research_reasoning,heldout,text,unfilled_target
bioinformatics-research_reasoning-heldout-text-03,bioinformatics,research_reasoning,heldout,text,unfilled_target
bioinformatics-research_reasoning-heldout-text-04,bioinformatics,research_reasoning,heldout,text,unfilled_target
bioinformatics-research_reasoning-heldout-text-05,bioinformatics,research_reasoning,heldout,text,unfilled_target
bioinformatics-research_reasoning-heldout-text-06,bioinformatics,research_reasoning,heldout,text,unfilled_target
bioinformatics-research_reasoning-heldout-text-07,bioinformatics,research_reasoning,heldout,text,unfilled_target
bioinformatics-research_reasoning-heldout-text-08,bioinformatics,research_reasoning,heldout,text,unfilled_target
bioinformatics-research_reasoning-heldout-text-09,bioinformatics,research_reasoning,heldout,text,unfilled_target
bioinformatics-research_reasoning-heldout-text-10,bioinformatics,research_reasoning,heldout,text,unfilled_target
bioinformatics-research_reasoning-heldout-text-11,bioinformatics,research_reasoning,heldout,text,unfilled_target
bioinformatics-research_reasoning-heldout-text-12,bioinformatics,research_reasoning,heldout,text,unfilled_target
bioinformatics-research_reasoning-heldout-text-13,bioinformatics,research_reasoning,heldout,text,unfilled_target
bioinformatics-research_reasoning-heldout-image-01,bioinformatics,research_reasoning,heldout,image,unfilled_target
bioinformatics-research_reasoning-heldout-image-02,bioinformatics,research_reasoning,heldout,image,unfilled_target
bioinformatics-research_reasoning-heldout-image-03,bioinformatics,research_reasoning,heldout,image,unfilled_target
